Reactants,Reaction.Rates,Mechanism,Times
HO2 + NO,853181632,CRIv2,Day 1
HO2 + NO,121528632,CRIv2,Day 2
CH3O2 + NO,133776864,CRIv2,Day 1
CH3O2 + NO,29342688,CRIv2,Day 2
CH3CO3 + NO,104324488,CRIv2,Day 1
CH3CO3 + NO,10807423,CRIv2,Day 2
RU11O2 + NO,112637288,CRIv2,Day 1
RU11O2 + NO,25065.86328125,CRIv2,Day 2
RU14O2 + NO,99324120,CRIv2,Day 1
RU14O2 + NO,1.52232428263233e-06,CRIv2,Day 2
RN13O2 + NO,71754680,CRIv2,Day 1
RN13O2 + NO,12559319,CRIv2,Day 2
C2H5O2 + NO,67535488,CRIv2,Day 1
C2H5O2 + NO,11323369,CRIv2,Day 2
RN16O2 + NO,65447836,CRIv2,Day 1
RN16O2 + NO,8598429,CRIv2,Day 2
RN15AO2 + NO,63624904,CRIv2,Day 1
RN15AO2 + NO,8379341.5,CRIv2,Day 2
Others,275016192,CRIv2,Day 1
Others,32137806,CRIv2,Day 2
