Reactants,Reaction.Rates,Mechanism,Times
HO2 + NO,1273089536,RADM2,Day 1
HO2 + NO,358106464,RADM2,Day 2
MO2 + NO,296394336,RADM2,Day 1
MO2 + NO,121334744,RADM2,Day 2
HC5P + NO,328422464,RADM2,Day 1
HC5P + NO,35597552,RADM2,Day 2
ACO3 + NO,222613920,RADM2,Day 1
ACO3 + NO,34728472,RADM2,Day 2
HC3P + NO,206752176,RADM2,Day 1
HC3P + NO,31163590,RADM2,Day 2
XO2 + NO,150656736,RADM2,Day 1
XO2 + NO,13355086,RADM2,Day 2
OLTP + NO,118759512,RADM2,Day 1
OLTP + NO,2568.78173828125,RADM2,Day 2
OLIP + NO,55527628,RADM2,Day 1
OLIP + NO,0.000121232071251143,RADM2,Day 2
Others,140994928,RADM2,Day 1
Others,18634548,RADM2,Day 2
